City_ID,City,Lat,Lng,Max Temp,Humidity,Cloudiness,Wind Speed,Country,Date
0,naranjal,-2.6667,-79.6167,24.74,84,100,1.97,EC,2023-11-20
1,bubaque,11.2833,-15.8333,28.05,74,100,4.91,GW,2023-11-20
2,whitehorse,60.7161,-135.0538,-15.55,84,100,1.54,CA,2023-11-20
3,port mathurin,-19.6833,63.4167,25.25,80,85,7.31,MU,2023-11-20
4,grytviken,-54.2811,-36.5092,1.19,99,100,2.71,GS,2023-11-20
5,kismayo,-0.3582,42.5454,26.15,83,70,3.27,SO,2023-11-20
6,pandan,14.0453,124.1694,25.61,92,100,8.47,PH,2023-11-20
7,badger,64.8,-147.5333,-15.05,85,0,4.12,US,2023-11-20
8,piton saint-leu,-21.2196,55.3151,21.06,78,100,2.06,RE,2023-11-20
9,el granada,37.5027,-122.4694,17.97,51,0,4.12,US,2023-11-20
10,constantia,44.1833,28.65,4.38,73,95,3.93,RO,2023-11-20
11,kita,13.0349,-9.4895,24.4,24,21,2.1,ML,2023-11-20
12,adam,22.3756,57.5233,19.99,79,32,2.08,OM,2023-11-20
13,blackmans bay,-43.0167,147.3167,18.07,70,63,3.07,AU,2023-11-20
14,west island,-12.1568,96.8225,26.99,74,75,6.69,CC,2023-11-20
15,okhotsk,59.3833,143.3,-17.28,76,77,6.99,RU,2023-11-20
16,puerto deseado,-47.7503,-65.8938,6.91,73,6,1.71,AR,2023-11-20
17,ushuaia,-54.8,-68.3,2.81,75,100,4.63,AR,2023-11-20
18,kaspiyskiy,45.3929,47.3707,7.44,83,100,12.21,RU,2023-11-20
19,norilsk,69.3535,88.2027,-33.92,100,95,2.95,RU,2023-11-20
20,maloye ganyushkino,46.6,49.2667,9.21,84,100,8.39,KZ,2023-11-20
21,margaret river,-33.95,115.0667,21.07,48,29,5.23,AU,2023-11-20
22,el galpon,-25.3807,-64.6526,26.49,59,9,1.07,AR,2023-11-20
23,bethel,41.3712,-73.414,2.19,58,0,0.0,US,2023-11-20
24,mount pearl,47.5166,-52.7813,0.59,86,10,1.39,CA,2023-11-20
25,santanyi,39.3546,3.1291,16.01,86,85,2.95,ES,2023-11-20
26,cabo san lucas,22.8909,-109.9124,27.56,69,40,2.57,MX,2023-11-20
27,sitka,57.0531,-135.33,5.94,75,100,8.23,US,2023-11-20
28,arcachon,44.5875,-1.0519,13.03,82,75,5.14,FR,2023-11-20
29,punta arenas,-53.15,-70.9167,7.06,76,75,2.06,CL,2023-11-20
30,tura,25.5198,90.2201,18.41,86,0,1.19,IN,2023-11-20
31,tazovsky,67.4667,78.7,-23.02,98,80,3.52,RU,2023-11-20
32,port lincoln,-34.7333,135.8667,17.24,65,96,5.75,AU,2023-11-20
33,aral,40.5156,81.2636,3.46,21,96,2.79,CN,2023-11-20
34,melchor de mencos,17.0686,-89.1522,26.0,89,0,0.0,GT,2023-11-20
35,moree,-29.4667,149.85,24.62,67,100,4.68,AU,2023-11-20
36,kodiak,57.79,-152.4072,-1.27,59,40,8.75,US,2023-11-20
37,dunedin,-45.8742,170.5036,17.67,64,17,2.68,NZ,2023-11-20
38,thompson,55.7435,-97.8558,-0.91,93,100,10.8,CA,2023-11-20
39,kasserine,35.1676,8.8365,14.37,39,0,2.71,TN,2023-11-20
40,bilibino,68.0546,166.4372,-18.11,97,100,2.64,RU,2023-11-20
41,labasa,-16.4167,179.3833,28.89,67,74,2.56,FJ,2023-11-20
42,adamstown,-25.066,-130.1015,20.74,85,100,5.45,PN,2023-11-20
43,portstewart,55.1813,-6.714,10.18,66,19,9.05,GB,2023-11-20
44,setif,36.1911,5.4137,10.35,51,9,2.06,DZ,2023-11-20
45,atafu village,-8.5421,-172.5159,28.61,75,100,4.84,TK,2023-11-20
46,ilulissat,69.2167,-51.1,-1.99,74,100,5.14,GL,2023-11-20
47,sao vicente,-23.9631,-46.3919,26.1,26,100,0.45,BR,2023-11-20
48,ancud,-41.8697,-73.8203,9.88,88,100,7.11,CL,2023-11-20
49,port-aux-francais,-49.35,70.2167,2.44,58,50,15.47,TF,2023-11-20
50,college,64.8569,-147.8028,-15.01,85,0,4.12,US,2023-11-20
51,kuala tungkal,-0.8167,103.4667,26.23,88,100,1.5,ID,2023-11-20
52,edinburgh of the seven seas,-37.0676,-12.3116,14.61,85,10,16.13,SH,2023-11-20
53,mahina,-17.5065,-149.489,27.64,78,75,2.06,PF,2023-11-20
54,magadan,59.5667,150.8,-13.71,68,39,3.52,RU,2023-11-20
55,luderitz,-26.6481,15.1594,18.4,85,93,1.41,NA,2023-11-20
56,rio grande,-32.035,-52.0986,19.46,73,7,5.87,BR,2023-11-20
57,mochudi,-24.4167,26.15,24.24,51,75,1.99,BW,2023-11-20
58,viqueque,-8.8673,126.3658,30.72,49,9,2.7,TL,2023-11-20
59,wailua homesteads,22.0669,-159.378,26.24,83,100,6.17,US,2023-11-20
60,avarua,-21.2078,-159.775,25.03,65,100,5.66,CK,2023-11-20
61,san-pedro,4.7485,-6.6363,25.67,91,91,3.21,CI,2023-11-20
62,klyuchi,52.2667,79.1667,-9.22,90,9,2.06,RU,2023-11-20
63,saint-pierre,-21.3393,55.4781,22.82,78,100,2.06,RE,2023-11-20
64,pisco,-13.7,-76.2167,20.03,88,100,2.57,PE,2023-11-20
65,puerto natales,-51.7236,-72.4875,4.34,90,99,2.31,CL,2023-11-20
66,bulgan,48.8125,103.5347,-9.52,81,14,1.08,MN,2023-11-20
67,waitangi,-43.9535,-176.5597,12.41,82,100,7.5,NZ,2023-11-20
68,burang,30.25,81.1667,-5.14,39,0,1.42,CN,2023-11-20
69,nizhnesortymskiy,62.4397,71.7603,-17.33,96,6,4.11,RU,2023-11-20
70,tiksi,71.6872,128.8694,-28.46,100,100,1.85,RU,2023-11-20
71,olonkinbyen,70.9221,-8.7187,1.85,87,100,9.58,SJ,2023-11-20
72,east ballina,-28.8667,153.5833,20.83,95,100,4.75,AU,2023-11-20
73,minas de marcona,-15.2119,-75.1103,15.0,80,22,4.4,PE,2023-11-20
74,stanley,54.868,-1.6985,7.66,93,75,8.75,GB,2023-11-20
75,namtsy,62.7161,129.6658,-14.11,90,100,6.63,RU,2023-11-20
76,kampung ayer keroh,2.2654,102.2801,27.76,88,100,2.1,MY,2023-11-20
77,cambria,35.5641,-121.0808,17.28,78,0,0.89,US,2023-11-20
78,hasaki,35.7333,140.8333,14.05,49,4,4.94,JP,2023-11-20
79,arraial do cabo,-22.9661,-42.0278,22.47,84,100,6.04,BR,2023-11-20
80,petropavlovsk-kamchatsky,53.0452,158.6483,1.33,79,0,10.0,RU,2023-11-20
81,jasper,37.2001,-94.3502,9.65,93,100,4.12,US,2023-11-20
82,kolonia,50.9333,6.95,9.42,92,100,1.03,DE,2023-11-20
83,weno,7.4515,151.8468,26.97,94,100,5.14,FM,2023-11-20
84,qaqortoq,60.7167,-46.0333,-2.38,98,100,1.88,GL,2023-11-20
85,kone,-21.0595,164.8658,29.99,41,0,3.38,NC,2023-11-20
86,mogadishu,2.0371,45.3438,27.25,82,72,5.32,SO,2023-11-20
87,kristiansund,63.1115,7.732,-5.64,86,0,1.03,NO,2023-11-20
88,albany,42.6001,-73.9662,-1.77,68,100,1.24,US,2023-11-20
89,susuman,62.7833,148.1667,-31.97,99,82,0.46,RU,2023-11-20
90,egilsstadir,65.2653,-14.3948,4.82,95,100,5.91,IS,2023-11-20
91,dolores,-36.3132,-57.6792,22.11,47,89,1.5,AR,2023-11-20
92,alcudia,39.8532,3.1214,16.78,81,95,2.88,ES,2023-11-20
93,rabigh,22.7986,39.0349,23.83,57,0,5.72,SA,2023-11-20
94,sambava,-14.2667,50.1667,23.01,82,24,4.26,MG,2023-11-20
95,magdagachi,53.45,125.8,-4.85,54,99,3.87,RU,2023-11-20
96,fort mcmurray,56.7268,-111.381,-6.23,53,0,4.12,CA,2023-11-20
97,mchinji,-13.7984,32.8802,20.82,66,100,0.82,MW,2023-11-20
98,carolina beach,34.0352,-77.8936,16.71,78,100,2.24,US,2023-11-20
99,hermanus,-34.4187,19.2345,16.65,80,76,10.23,ZA,2023-11-20
100,georgetown,5.4112,100.3354,27.96,78,20,3.09,MY,2023-11-20
101,calama,-22.4667,-68.9333,14.05,26,72,2.81,CL,2023-11-20
102,hafar al-batin,28.4328,45.9708,15.32,88,0,0.0,SA,2023-11-20
103,seydi,39.4816,62.9137,20.24,28,63,11.18,TM,2023-11-20
104,rauma,61.1272,21.5113,-9.98,89,21,3.38,FI,2023-11-20
105,santa ana,33.7456,-117.8678,22.82,16,0,2.68,US,2023-11-20
106,tamanrasset,22.785,5.5228,9.95,27,0,1.54,DZ,2023-11-20
107,bozkir,37.1896,32.2474,1.79,71,0,0.7,TR,2023-11-20
108,huayin,34.5675,110.0921,13.97,54,0,0.7,CN,2023-11-20
109,galesong,-5.3166,119.3661,32.01,60,67,1.06,ID,2023-11-20
110,saint-philippe,-21.3585,55.7679,22.77,90,21,4.33,RE,2023-11-20
111,santa luzia,-19.7697,-43.8514,20.43,94,75,4.12,BR,2023-11-20
112,menongue,-14.6585,17.691,20.53,74,70,0.43,AO,2023-11-20
113,bredasdorp,-34.5322,20.0403,16.88,68,96,4.11,ZA,2023-11-20
114,hawaiian paradise park,19.5933,-154.9731,27.24,73,20,3.6,US,2023-11-20
115,isafjordur,66.0755,-23.124,7.3,92,100,8.23,IS,2023-11-20
116,taoudenni,22.6783,-3.9836,24.11,18,99,4.28,ML,2023-11-20
117,jamestown,42.097,-79.2353,2.23,46,0,4.12,US,2023-11-20
118,holualoa,19.6228,-155.9522,26.54,66,20,3.6,US,2023-11-20
119,hamilton,39.1834,-84.5333,8.64,82,100,1.34,US,2023-11-20
120,sisimiut,66.9395,-53.6735,-1.79,88,100,6.52,GL,2023-11-20
121,tambovka,50.0969,128.0489,-6.12,95,89,2.24,RU,2023-11-20
122,taltal,-25.4,-70.4833,17.12,78,27,2.23,CL,2023-11-20
123,kochubey,44.3861,46.5825,7.77,72,100,10.04,RU,2023-11-20
124,north manchester,41.0006,-85.7686,5.7,74,100,7.06,US,2023-11-20
125,enewetak,11.3474,162.3373,28.14,74,0,8.6,MH,2023-11-20
126,happy valley-goose bay,53.3168,-60.3315,-6.64,80,26,3.67,CA,2023-11-20
127,posto fiscal rolim de moura,-13.0833,-62.2667,22.88,90,80,0.19,BR,2023-11-20
128,galle,6.0367,80.217,25.48,90,96,1.52,LK,2023-11-20
129,aasiaat,68.7098,-52.8699,-4.47,83,100,6.73,GL,2023-11-20
130,lompoc,34.6391,-120.4579,18.9,70,0,4.02,US,2023-11-20
131,conception bay south,47.4999,-52.9981,0.92,85,7,1.47,CA,2023-11-20
132,roma,43.2128,-75.4557,-1.85,78,0,0.0,US,2023-11-20
133,gremyachinsk,58.5603,57.851,-7.5,79,100,4.71,RU,2023-11-20
134,papatowai,-46.5619,169.4708,18.01,56,46,4.22,NZ,2023-11-20
135,toamasina,-18.1667,49.3833,20.96,88,49,1.75,MG,2023-11-20
136,shingu,33.7333,135.9833,15.02,54,0,0.32,JP,2023-11-20
137,polyarnyy,69.1989,33.4478,-12.79,98,58,4.03,RU,2023-11-20
138,whitby,54.4877,-0.615,9.06,94,100,5.81,GB,2023-11-20
139,soio,-6.1349,12.3689,25.96,88,100,2.55,AO,2023-11-20
140,zapolyarnyy,69.4154,30.8136,-14.4,99,63,1.99,RU,2023-11-20
141,dumai,1.6833,101.45,24.99,96,100,1.54,ID,2023-11-20
142,bei'an,24.5399,109.533,17.62,62,0,0.69,CN,2023-11-20
143,port alfred,-33.5906,26.891,21.77,86,100,2.24,ZA,2023-11-20
144,el jadid,33.2549,-8.506,17.74,88,85,2.47,MA,2023-11-20
145,cockburn town,21.4612,-71.1419,27.1,70,6,6.9,TC,2023-11-20
146,kapuskasing,49.4169,-82.4331,-4.63,65,82,2.81,CA,2023-11-20
147,yellowknife,62.456,-114.3525,-13.66,96,77,3.13,CA,2023-11-20
148,margate,51.3813,1.3862,10.5,95,100,3.13,GB,2023-11-20
149,kencong,-8.2833,113.3667,29.45,60,12,1.24,ID,2023-11-20
150,vyara,21.1167,73.4,22.97,55,25,2.98,IN,2023-11-20
151,marsh harbour,26.5412,-77.0636,24.17,63,0,8.09,BS,2023-11-20
152,laojunmiao,39.8333,97.7333,0.19,31,97,1.61,CN,2023-11-20
153,aykhal,66.0,111.5,-31.87,100,100,3.2,RU,2023-11-20
154,viru,-8.4167,-78.75,21.39,83,100,2.03,PE,2023-11-20
155,lorengau,-2.0226,147.2712,29.52,72,97,3.96,PG,2023-11-20
156,volchikha,52.0333,80.3833,-8.34,87,7,0.89,RU,2023-11-20
157,san luis,-33.295,-66.3356,26.07,41,100,7.45,AR,2023-11-20
158,west bay,19.3667,-81.4167,27.22,71,17,0.89,KY,2023-11-20
159,udachny,66.4167,112.4,-33.64,99,94,2.12,RU,2023-11-20
160,huilong,31.8111,121.655,15.99,67,0,4.33,CN,2023-11-20
161,an nimas,19.1455,42.1201,13.41,71,1,0.6,SA,2023-11-20
162,al jawf,29.5,38.75,12.76,62,0,3.54,SA,2023-11-20
163,port elizabeth,-33.918,25.5701,20.73,90,100,3.58,ZA,2023-11-20
164,san isidro,-12.1167,-77.05,21.68,74,75,4.12,PE,2023-11-20
165,nyurba,63.2842,118.3319,-30.52,96,98,2.71,RU,2023-11-20
166,turriff,57.5384,-2.4593,9.86,77,100,5.29,GB,2023-11-20
167,ribeira grande,38.5167,-28.7,19.87,71,95,4.02,PT,2023-11-20
168,sakakah,29.9697,40.2064,12.76,60,44,4.33,SA,2023-11-20
169,alofi,-19.0595,-169.9187,27.94,61,75,6.69,NU,2023-11-20
170,preobrazheniye,42.9019,133.9064,7.45,80,73,4.37,RU,2023-11-20
171,selfoss,63.9331,-20.9971,8.91,97,100,11.12,IS,2023-11-20
172,chenzhou,25.8,113.0333,17.86,59,0,1.26,CN,2023-11-20
173,iqaluit,63.7506,-68.5145,-7.15,85,75,13.89,CA,2023-11-20
174,vorgashor,67.5833,63.95,-17.72,99,100,1.86,RU,2023-11-20
175,mar del plata,-38.0023,-57.5575,16.72,77,0,0.0,AR,2023-11-20
176,nkongsamba,4.9547,9.9404,19.37,96,86,1.38,CM,2023-11-20
177,culiacan,24.7994,-107.3897,24.82,53,40,1.54,MX,2023-11-20
178,howrah,22.5892,88.3103,23.0,78,75,2.57,IN,2023-11-20
179,haiku-pauwela,20.9219,-156.3051,23.98,91,100,5.14,US,2023-11-20
180,la passe,45.5549,-0.8967,12.21,85,59,4.6,FR,2023-11-20
181,uglich,57.5275,38.3317,-7.16,72,100,3.28,RU,2023-11-20
182,peniche,39.3558,-9.3811,16.27,88,0,10.69,PT,2023-11-20
183,labuan,5.2767,115.2417,27.48,78,100,2.38,MY,2023-11-20
184,kingston,17.997,-76.7936,27.53,83,20,1.03,JM,2023-11-20
185,sinan,34.8262,126.1086,11.15,61,0,1.64,KR,2023-11-20
186,vila velha,-20.3297,-40.2925,23.97,98,100,2.57,BR,2023-11-20
187,kimbe,-5.5502,150.1429,31.71,63,28,1.97,PG,2023-11-20
188,savannakhet,16.566,104.751,20.59,73,10,4.21,LA,2023-11-20
189,invercargill,-46.4,168.35,17.96,53,80,3.06,NZ,2023-11-20
190,buka,40.8108,69.1986,13.21,44,2,2.43,UZ,2023-11-20
191,cabugao,17.7931,120.4578,28.27,62,22,1.39,PH,2023-11-20
192,hadibu,12.65,54.0333,26.26,82,56,3.62,YE,2023-11-20
193,sarupathar,26.1984,93.8094,19.53,92,50,0.23,IN,2023-11-20
194,kagal,16.5833,74.3167,18.78,64,100,1.71,IN,2023-11-20
195,anadyr,64.75,177.4833,2.28,100,100,17.0,RU,2023-11-20
196,bac lieu,9.285,105.7244,26.5,83,85,2.78,VN,2023-11-20
197,adi keyh,14.8444,39.3772,14.6,83,60,1.7,ER,2023-11-20
198,manakara,-22.1333,48.0167,20.38,91,34,2.01,MG,2023-11-20
199,camara de lobos,32.6333,-16.9667,21.35,84,40,2.57,PT,2023-11-20
200,sakaiminato,35.55,133.2333,12.25,53,0,1.32,JP,2023-11-20
201,morant bay,17.8815,-76.4093,26.26,83,100,4.84,JM,2023-11-20
202,lihue,21.9789,-159.3672,26.58,77,100,6.17,US,2023-11-20
203,tsiombe,-25.3,45.4833,22.28,97,41,0.8,MG,2023-11-20
204,nar'yan-mar,67.6713,53.087,-17.16,99,90,2.24,RU,2023-11-20
205,saurimo,-9.6608,20.3916,18.04,97,100,1.34,AO,2023-11-20
206,nasiriyah,31.0521,46.261,17.6,53,5,4.78,IQ,2023-11-20
207,laguna,38.421,-121.4238,16.08,56,0,1.54,US,2023-11-20
208,natal,-5.795,-35.2094,26.36,83,40,2.06,BR,2023-11-20
209,puerto ayora,-0.7393,-90.3518,23.08,90,19,1.34,EC,2023-11-20
210,chibougamau,49.9168,-74.3659,-8.21,79,100,2.57,CA,2023-11-20
211,al ghayzah,16.2079,52.176,25.58,69,25,3.49,YE,2023-11-20
212,dudinka,69.4058,86.1778,-29.83,99,100,3.43,RU,2023-11-20
213,worland,44.0169,-107.9554,5.49,43,20,1.54,US,2023-11-20
214,zaozersk,69.4005,32.4476,-11.46,96,56,3.08,RU,2023-11-20
215,elverum,60.8819,11.5623,-9.43,98,98,1.33,NO,2023-11-20
216,chegdomyn,51.1167,133.0167,-4.77,87,100,0.89,RU,2023-11-20
217,shuangjiang,26.1547,109.7138,15.2,65,0,1.09,CN,2023-11-20
218,eleskirt,39.8033,42.6736,-1.12,85,100,1.92,TR,2023-11-20
219,kapchorwa,1.3965,34.4509,15.21,79,99,1.87,UG,2023-11-20
220,dolbeau-mistassini,48.8763,-72.212,-5.77,82,10,3.72,CA,2023-11-20
221,nuku'alofa,-21.1333,-175.2,27.19,83,75,6.17,TO,2023-11-20
222,salalah,17.0151,54.0924,26.05,73,75,2.06,OM,2023-11-20
223,kiama,-34.6833,150.8667,24.65,86,99,0.89,AU,2023-11-20
224,san pedro,14.35,121.0167,29.06,76,20,3.58,PH,2023-11-20
225,aksu,41.1231,80.2644,3.14,36,100,0.72,CN,2023-11-20
226,altamira,-3.2033,-52.2064,25.35,82,95,0.96,BR,2023-11-20
227,iskateley,67.6803,53.1512,-17.21,99,92,2.24,RU,2023-11-20
228,les cayes,18.2,-73.75,24.63,83,73,3.33,HT,2023-11-20
229,recani,31.2846,-4.2688,15.7,27,7,1.92,MA,2023-11-20
230,bouar,5.934,15.596,20.16,63,100,1.44,CF,2023-11-20
231,crane,31.3974,-102.3501,15.53,38,25,4.41,US,2023-11-20
232,ola,59.5833,151.2833,-13.0,66,36,4.47,RU,2023-11-20
233,sheridan,44.8333,-106.9173,3.51,57,0,4.63,US,2023-11-20
234,fort bragg,35.139,-79.006,14.91,53,100,2.57,US,2023-11-20
235,thunder bay,48.4001,-89.3168,3.17,82,100,2.91,CA,2023-11-20
236,lichinga,-13.3128,35.2406,21.05,64,75,6.69,MZ,2023-11-20
237,gisborne,-38.6533,178.0042,15.63,98,100,5.87,NZ,2023-11-20
238,namibe,-15.1961,12.1522,25.32,60,100,3.06,AO,2023-11-20
239,swakopmund,-22.6833,14.5333,16.66,89,73,1.07,NA,2023-11-20
240,okha,53.5739,142.9478,-3.61,85,41,6.81,RU,2023-11-20
241,yanbu,24.0891,38.0637,18.02,72,0,0.0,SA,2023-11-20
242,taroa,8.7058,171.2275,27.81,71,100,8.16,MH,2023-11-20
243,lazaro cardenas,17.9583,-102.2,26.75,83,24,3.12,MX,2023-11-20
244,mil'kovo,55.6078,37.7956,-7.59,64,94,4.37,RU,2023-11-20
245,tolanaro,-25.0319,46.9987,22.16,90,13,5.43,MG,2023-11-20
246,rybinsk,58.0446,38.8426,-5.93,82,100,0.89,RU,2023-11-20
247,saipan,15.1355,145.701,29.39,84,20,6.17,MP,2023-11-20
248,kadugli,11.0167,29.7167,24.18,24,9,4.77,SD,2023-11-20
249,sosnogorsk,63.6023,53.8817,-13.03,97,92,1.79,RU,2023-11-20
250,kerikeri,-35.2268,173.9474,24.95,72,34,1.79,NZ,2023-11-20
251,la'ie,21.6477,-157.9253,26.98,73,100,5.36,US,2023-11-20
252,itambacuri,-18.0311,-41.685,22.63,79,74,2.56,BR,2023-11-20
253,kavaratti,10.5669,72.642,28.56,68,82,2.21,IN,2023-11-20
254,cabedelo,-6.9811,-34.8339,27.37,81,1,3.27,BR,2023-11-20
255,aioun,16.6614,-9.6149,27.48,15,100,4.55,MR,2023-11-20
256,samfya,-11.3649,29.5565,21.38,79,72,1.33,ZM,2023-11-20
257,arkhangel'sk,64.5401,40.5433,-8.82,99,87,1.53,RU,2023-11-20
258,safonovo,55.15,33.2167,-8.23,71,5,2.56,RU,2023-11-20
259,muscat,23.6139,58.5922,23.01,68,10,3.75,OM,2023-11-20
260,owensboro,37.7742,-87.1133,14.04,71,100,2.06,US,2023-11-20
261,manicore,-5.8092,-61.3003,22.11,94,64,0.62,BR,2023-11-20
262,carnarvon,-24.8667,113.6333,25.39,67,0,2.69,AU,2023-11-20
263,lloydminster,53.2835,-110.0016,-3.09,34,26,3.14,CA,2023-11-20
264,sanctuary point,-35.1114,150.629,22.33,62,100,4.2,AU,2023-11-20
265,khash,28.2211,61.2158,12.54,81,8,2.74,IR,2023-11-20
266,pointe aux piments,-20.0628,57.5131,24.31,91,35,4.6,MU,2023-11-20
267,alaghsas,17.0187,8.0168,21.04,22,50,4.92,NE,2023-11-20
268,choyr,46.3611,108.3611,-5.61,90,100,1.06,MN,2023-11-20
269,smara,26.7384,-11.6719,20.62,19,72,4.04,EH,2023-11-20
270,meadow lakes,61.6247,-149.6011,-3.07,36,0,17.49,US,2023-11-20
271,tibu,8.639,-72.7358,23.54,98,93,0.89,CO,2023-11-20
272,kavieng,-2.5744,150.7967,29.52,72,50,3.29,PG,2023-11-20
273,leh,34.1667,77.5833,-2.14,38,0,1.93,IN,2023-11-20
274,jiayuguan,39.8167,98.3,1.35,31,99,2.68,CN,2023-11-20
275,olyokminsk,60.3736,120.4264,-14.86,84,100,5.86,RU,2023-11-20
276,akureyri,65.6835,-18.0878,5.81,88,100,9.01,IS,2023-11-20
277,jinchang,38.4953,102.1739,4.1,24,100,5.06,CN,2023-11-20
278,yarkovo,57.4028,67.0786,-7.36,77,100,2.96,RU,2023-11-20
279,longyearbyen,78.2186,15.6401,-0.09,69,75,2.57,SJ,2023-11-20
280,rajpipla,21.8667,73.5,22.74,53,87,1.8,IN,2023-11-20
281,mwene-ditu,-7.0,23.45,19.18,99,100,1.07,CD,2023-11-20
282,talnakh,69.4865,88.3972,-33.79,99,97,3.95,RU,2023-11-20
283,erraguntla,14.6333,78.5333,24.25,82,98,1.67,IN,2023-11-20
284,tingo maria,-9.2895,-76.0088,21.91,98,100,1.14,PE,2023-11-20
285,north bay,46.3168,-79.4663,-3.83,76,20,2.06,CA,2023-11-20
286,enoch,37.7733,-113.0244,2.3,68,100,5.14,US,2023-11-20
287,nema,57.5067,50.5011,-4.74,91,100,5.33,RU,2023-11-20
288,mogocha,53.7333,119.7667,-9.3,40,0,4.25,RU,2023-11-20
289,kourou,5.1552,-52.6478,27.03,89,12,2.96,GF,2023-11-20
290,barah,13.7,30.3667,20.73,32,11,4.34,SD,2023-11-20
291,sungailiat,-1.85,106.1333,28.4,74,88,2.93,ID,2023-11-20
292,ilebo,-4.3167,20.5833,21.72,99,100,0.22,CD,2023-11-20
293,teodoro sampaio,-22.5325,-52.1675,25.84,63,100,4.74,BR,2023-11-20
294,nadym,65.5333,72.5167,-21.25,98,17,3.65,RU,2023-11-20
295,ulladulla,-35.35,150.4667,22.81,62,98,5.03,AU,2023-11-20
296,berezovyy,51.6667,135.7,-2.89,72,100,1.34,RU,2023-11-20
297,al ain city,24.1917,55.7606,22.79,64,100,6.69,AE,2023-11-20
298,plastun,44.7561,136.2939,6.89,54,0,2.4,RU,2023-11-20
299,ust-nera,64.5667,143.2,-33.55,97,60,0.54,RU,2023-11-20
300,sinabang,2.4803,96.3801,26.07,84,100,1.63,ID,2023-11-20
301,daru,-9.0763,143.2092,29.18,72,100,4.25,PG,2023-11-20
302,port saint john's,-31.6229,29.5448,23.3,73,100,1.03,ZA,2023-11-20
303,papao,-17.75,-149.55,27.59,92,100,9.66,PF,2023-11-20
304,port douglas,-16.4833,145.4667,27.23,77,48,3.54,AU,2023-11-20
305,fukuecho,32.6881,128.8419,16.31,56,0,1.25,JP,2023-11-20
306,vila franca do campo,37.7167,-25.4333,20.49,99,84,6.17,PT,2023-11-20
307,utrik,11.2278,169.8474,27.56,77,100,8.76,MH,2023-11-20
308,mae hong son,19.3003,97.9685,23.13,78,0,0.46,TH,2023-11-20
309,larisa,39.6372,22.4203,2.94,100,0,0.0,GR,2023-11-20
310,gaspe,48.8334,-64.4819,-2.88,74,75,3.09,CA,2023-11-20
311,queenstown,-31.8976,26.8753,19.63,30,95,3.01,ZA,2023-11-20
312,fale old settlement,-9.3852,-171.2468,28.73,68,5,5.57,TK,2023-11-20
313,arar,30.9753,41.0381,13.01,76,0,4.12,SA,2023-11-20
314,lata,40.1629,-8.3327,15.45,97,82,1.47,PT,2023-11-20
315,nogliki,51.8333,143.1667,-1.48,78,18,6.26,RU,2023-11-20
316,yaren,-0.5472,166.916,28.45,73,100,2.47,NR,2023-11-20
317,ghadamis,30.1337,9.5007,15.78,48,0,1.96,LY,2023-11-20
318,xining,36.6167,101.7667,2.52,32,96,0.29,CN,2023-11-20
319,vielsalm,50.2841,5.915,8.15,95,99,3.7,BE,2023-11-20
320,san pedro de macoris,18.4616,-69.2972,26.07,89,89,3.83,DO,2023-11-20
321,ketchikan,55.3422,-131.6461,11.26,76,100,15.43,US,2023-11-20
322,afaahiti,-17.75,-149.2833,26.7,92,100,7.82,PF,2023-11-20
323,pizarro,4.9533,-77.366,26.03,85,93,0.89,CO,2023-11-20
324,nemuro,43.3236,145.575,6.19,67,3,8.2,JP,2023-11-20
325,nguigmi,14.2495,13.1092,21.25,34,100,5.86,NE,2023-11-20
326,ilomantsi,62.6716,30.9328,-11.99,98,73,1.0,FI,2023-11-20
327,yuzhno-kurilsk,44.0306,145.8556,5.76,84,7,4.87,RU,2023-11-20
328,nizhneudinsk,54.9076,99.0276,-8.26,66,100,5.53,RU,2023-11-20
329,togur,58.3631,82.8265,-20.19,99,32,1.71,RU,2023-11-20
330,saldanha,-33.0117,17.9442,16.53,88,82,6.64,ZA,2023-11-20
331,san luis de la loma,17.2706,-100.8939,26.86,87,58,3.28,MX,2023-11-20
332,al fashn,28.8243,30.8995,15.74,69,0,2.06,EG,2023-11-20
333,bathsheba,13.2167,-59.5167,27.34,78,20,5.66,BB,2023-11-20
334,tobelo,1.7284,128.0095,29.19,71,62,2.05,ID,2023-11-20
335,tommot,58.9564,126.2925,-11.94,86,100,6.49,RU,2023-11-20
336,corner brook,48.9667,-57.9484,-1.29,68,76,2.56,CA,2023-11-20
337,wladyslawowo,54.7909,18.4009,1.08,73,100,7.14,PL,2023-11-20
338,rosarito,32.3333,-117.0333,22.59,46,0,1.65,MX,2023-11-20
339,lebu,-37.6167,-73.65,11.06,84,100,0.62,CL,2023-11-20
340,ilhabela,-23.7781,-45.3581,22.55,94,100,4.78,BR,2023-11-20
341,hailar,49.2,119.7,-11.34,88,10,2.72,CN,2023-11-20
342,dubinino,55.6192,89.0911,-11.48,90,54,4.82,RU,2023-11-20
343,rahimah,26.7079,50.0619,21.12,64,74,3.36,SA,2023-11-20
344,gobabis,-22.45,18.9667,23.82,24,27,5.84,NA,2023-11-20
345,balabac,7.9868,117.0645,27.88,78,96,1.97,PH,2023-11-20
346,taybad,34.74,60.7756,18.92,31,53,14.5,IR,2023-11-20
347,oranjemund,-28.55,16.4333,19.03,88,100,5.46,NA,2023-11-20
348,puerto aysen,-45.4,-72.7,5.12,100,100,2.48,CL,2023-11-20
349,nadi,-17.8,177.4167,30.0,58,20,7.2,FJ,2023-11-20
350,ritchie,-29.038,24.6028,23.16,24,99,3.71,ZA,2023-11-20
351,westport,41.1415,-73.3579,4.3,52,0,5.14,US,2023-11-20
352,shagonar,51.5333,92.8,-10.32,71,82,2.28,RU,2023-11-20
353,guozhen,34.3659,107.359,12.67,57,4,0.94,CN,2023-11-20
354,touros,-5.1989,-35.4608,26.4,78,0,4.4,BR,2023-11-20
355,tralee,52.2704,-9.7026,9.33,85,80,7.11,IE,2023-11-20
356,kolokani,13.5728,-8.0339,23.87,22,14,4.48,ML,2023-11-20
357,mujiayingzi,42.1167,118.7833,3.57,53,100,2.42,CN,2023-11-20
358,coquimbo,-29.9533,-71.3436,15.51,76,35,2.09,CL,2023-11-20
359,bag,22.3667,74.7667,20.43,56,23,2.0,IN,2023-11-20
360,ust'-ilimsk,58.0006,102.6619,-10.31,92,100,2.68,RU,2023-11-20
361,colonia,50.9333,6.95,9.42,92,100,1.03,DE,2023-11-20
362,jacarau,-6.6122,-35.2928,23.23,87,4,1.43,BR,2023-11-20
363,tacuba,13.9011,-89.9297,19.17,92,85,0.44,SV,2023-11-20
364,motueka,-41.1333,173.0167,22.83,40,0,3.22,NZ,2023-11-20
365,farasan,16.7022,42.1183,28.75,75,100,4.77,SA,2023-11-20
366,newcastle,-32.9272,151.7765,25.36,72,75,4.12,AU,2023-11-20
367,n'zeto,-7.2312,12.8666,25.79,90,100,3.13,AO,2023-11-20
368,kerema,-7.9631,145.7785,29.82,70,70,3.26,PG,2023-11-20
369,ta`u,-14.2336,-169.5144,27.13,70,2,7.23,AS,2023-11-20
370,sidney,-33.8679,151.2073,24.42,75,75,6.17,AU,2023-11-20
371,san pedro pochutla,15.7333,-96.4667,27.84,89,84,2.71,MX,2023-11-20
372,ekibastuz,51.6667,75.3667,-8.72,90,84,3.42,KZ,2023-11-20
373,saint-francois,46.4154,3.9054,8.69,89,100,1.54,FR,2023-11-20
374,dukhan,25.4297,50.7858,25.05,73,46,2.1,QA,2023-11-20
375,hinton,53.4001,-117.5857,0.9,59,100,1.82,CA,2023-11-20
376,tuscaloosa,33.2098,-87.5692,20.88,72,100,3.09,US,2023-11-20
377,maun,-19.9833,23.4167,28.66,31,25,4.24,BW,2023-11-20
378,errachidia,31.9275,-4.4285,14.06,34,2,0.45,MA,2023-11-20
379,novyy urengoy,66.0833,76.6333,-20.61,99,92,3.13,RU,2023-11-20
380,kirov,58.5966,49.6601,-5.79,94,100,0.89,RU,2023-11-20
381,vidisha,23.5333,77.8167,17.3,76,0,2.08,IN,2023-11-20
382,vershino-darasunskiy,52.35,115.5167,-11.27,68,3,2.42,RU,2023-11-20
383,matiguas,12.8373,-85.4622,23.01,94,11,0.58,NI,2023-11-20
384,tocache,-8.1842,-76.5125,22.97,93,76,0.57,PE,2023-11-20
385,padang,-0.9492,100.3543,25.03,89,100,1.22,ID,2023-11-20
386,camiri,-20.05,-63.5167,21.99,89,100,1.79,BO,2023-11-20
387,chonchi,-42.6128,-73.8092,8.56,95,49,3.17,CL,2023-11-20
388,ndioum,16.5129,-14.6471,30.1,17,100,4.48,SN,2023-11-20
389,ormara,25.2088,64.6357,24.66,51,20,1.65,PK,2023-11-20
390,alice,27.7523,-98.0697,23.69,83,0,2.57,US,2023-11-20
391,pierre,44.3683,-100.351,7.93,82,100,5.14,US,2023-11-20
392,piti village,13.4626,144.6933,31.84,78,75,4.12,GU,2023-11-20
393,tromso,69.6496,18.957,-3.99,80,40,7.72,NO,2023-11-20
394,mugia,43.1041,-9.2179,13.28,67,90,8.5,ES,2023-11-20
395,yichun,47.7,128.9,0.36,91,100,3.53,CN,2023-11-20
396,atar,20.5169,-13.0499,26.77,14,100,3.55,MR,2023-11-20
397,cidade velha,14.9167,-23.6167,25.26,83,75,1.03,CV,2023-11-20
398,sastre,-31.7676,-61.8289,26.59,51,9,6.83,AR,2023-11-20
399,la sarre,48.8002,-79.1996,-9.22,89,18,2.07,CA,2023-11-20
400,lanxi,29.2195,119.477,13.81,63,0,1.09,CN,2023-11-20
401,najran,17.4924,44.1277,22.36,50,100,2.49,SA,2023-11-20
402,itaituba,-4.2761,-55.9836,24.03,94,100,0.32,BR,2023-11-20
403,trairi,-3.2778,-39.2689,26.74,77,0,4.42,BR,2023-11-20
404,san antonio de pale,-1.4014,5.6325,25.9,80,73,1.51,GQ,2023-11-20
405,fabens,31.5023,-106.1586,16.62,41,72,6.15,US,2023-11-20
406,mbandaka,0.0487,18.2603,21.94,98,100,1.6,CD,2023-11-20
407,flying fish cove,-10.4217,105.6791,26.06,70,85,7.15,CX,2023-11-20
408,nadiad,22.7,72.8667,22.12,53,18,3.34,IN,2023-11-20
409,khandyga,62.6667,135.6,-12.48,95,100,1.98,RU,2023-11-20
410,vorkuta,67.5,64.0,-17.33,99,100,1.6,RU,2023-11-20
411,masumbwe,-3.6333,32.1833,21.33,79,100,0.66,TZ,2023-11-20
412,tsagan aman,47.5639,46.7218,7.03,90,100,3.36,RU,2023-11-20
413,paita,-5.0892,-81.1144,20.67,87,77,6.76,PE,2023-11-20
414,cidreira,-30.1811,-50.2056,19.62,85,93,8.37,BR,2023-11-20
415,mubi,10.2676,13.2644,20.95,34,100,0.82,NG,2023-11-20
416,codrington,-38.2667,141.9667,18.23,58,5,6.52,AU,2023-11-20
417,hami,42.8,93.45,2.65,60,14,0.81,CN,2023-11-20
418,nuwara eliya,6.9708,80.7829,14.54,89,94,0.68,LK,2023-11-20
419,kisangani,0.5167,25.2,20.82,99,100,0.18,CD,2023-11-20
420,dharur,18.8167,76.1167,17.18,68,45,2.49,IN,2023-11-20
421,xinyuan,37.3,99.0,-3.97,26,76,2.79,CN,2023-11-20
422,planaltina,-15.4528,-47.6142,19.21,90,95,1.13,BR,2023-11-20
423,hithadhoo,-0.6,73.0833,27.68,78,16,6.27,MV,2023-11-20
424,vernon,50.2581,-119.2691,3.12,85,100,1.52,CA,2023-11-20
425,kodinar,20.7903,70.7031,24.63,54,100,3.87,IN,2023-11-20
426,sherbakul',54.6316,72.3963,-10.69,95,95,2.66,RU,2023-11-20
427,kailua-kona,19.6406,-155.9956,28.61,66,20,3.6,US,2023-11-20
428,cam ranh,11.9214,109.1591,26.98,65,20,3.6,VN,2023-11-20
429,sakchu-up,40.3894,125.0467,5.5,64,22,2.85,KP,2023-11-20
430,bafq,31.6128,55.4107,17.2,55,45,6.53,IR,2023-11-20
431,filipstad,59.7124,14.1683,-0.57,87,100,2.83,SE,2023-11-20
432,gurupi,-11.7292,-49.0686,22.38,89,100,1.99,BR,2023-11-20
433,datong,40.0936,113.2914,5.23,36,57,0.81,CN,2023-11-20
434,kuta,-8.7233,115.1723,28.97,79,40,2.24,ID,2023-11-20
435,karratha,-20.7377,116.8463,34.5,25,8,2.88,AU,2023-11-20
436,khovd,48.0056,91.6419,-7.62,50,98,2.74,MN,2023-11-20
437,essaouira,31.5125,-9.77,19.27,58,100,4.89,MA,2023-11-20
438,havre,49.5833,0.3333,11.87,87,100,5.14,FR,2023-11-20
439,kuqa,41.7278,82.9364,2.99,47,0,1.69,CN,2023-11-20
440,ares,-6.1944,-35.1603,25.19,84,2,2.43,BR,2023-11-20
441,zarand,30.8127,56.564,13.15,68,11,6.56,IR,2023-11-20
442,atambua,-9.1061,124.8925,30.51,39,22,0.71,ID,2023-11-20
443,novodvinsk,64.4165,40.8122,-9.01,99,89,1.46,RU,2023-11-20
444,suva,-18.1416,178.4415,26.93,62,2,4.33,FJ,2023-11-20
445,shiqian,27.5225,108.2281,15.32,73,0,1.21,CN,2023-11-20
446,ghanzi,-21.5667,21.7833,27.17,34,23,1.72,BW,2023-11-20
447,prainha,-1.8,-53.48,26.25,78,65,1.7,BR,2023-11-20
448,hwange,-18.3693,26.5019,27.32,33,95,1.19,ZW,2023-11-20
449,wynyard,-41.0,145.7167,17.65,66,10,4.17,AU,2023-11-20
450,manokwari,-0.8667,134.0833,29.09,71,98,3.54,ID,2023-11-20
451,north bend,43.4065,-124.2243,12.18,87,0,3.09,US,2023-11-20
452,murghob,38.1702,73.9667,-7.65,60,0,1.59,TJ,2023-11-20
453,fianarantsoa,-21.4333,47.0833,15.49,85,84,0.81,MG,2023-11-20
454,brokopondo,4.75,-55.1667,28.19,73,100,4.05,SR,2023-11-20
455,brisas de zicatela,15.8369,-97.0419,28.29,57,75,3.6,MX,2023-11-20
456,antsohihy,-14.8796,47.9875,24.53,77,6,1.63,MG,2023-11-20
457,pelagiada,45.2064,42.0236,5.5,93,75,9.0,RU,2023-11-20
458,fort st. john,56.2499,-120.8529,-4.06,93,100,5.14,CA,2023-11-20
459,hilo,19.7297,-155.09,27.36,75,20,3.6,US,2023-11-20
460,lamu,-2.2717,40.902,25.12,84,94,3.96,KE,2023-11-20
461,phongsali,21.6833,102.1058,11.73,89,35,0.33,LA,2023-11-20
462,el haouaria,37.05,11.0144,18.43,60,33,2.91,TN,2023-11-20
463,itoman,26.1247,127.6694,23.43,64,0,5.66,JP,2023-11-20
464,singaparna,-7.3515,108.111,25.71,72,39,2.0,ID,2023-11-20
465,viitasaari,63.0667,25.8667,-8.01,97,90,2.14,FI,2023-11-20
466,ponnani,10.767,75.9252,23.62,84,22,1.96,IN,2023-11-20
467,cooper's town,26.8667,-77.5167,24.16,64,0,8.58,BS,2023-11-20
468,kargasok,59.0556,80.8572,-18.66,96,13,2.53,RU,2023-11-20
469,praia da vitoria,38.7333,-27.0667,18.75,92,53,9.02,PT,2023-11-20
470,robore,-18.3333,-59.75,23.43,77,15,1.29,BO,2023-11-20
471,ganges,43.9338,3.7078,12.98,70,97,3.83,FR,2023-11-20
472,monrovia,6.3005,-10.7969,25.73,87,96,2.99,LR,2023-11-20
473,sumbe,-11.2061,13.8437,25.84,90,100,3.17,AO,2023-11-20
474,guatrache,-37.6678,-63.5302,19.84,21,0,5.58,AR,2023-11-20
475,basco,20.4487,121.9702,25.12,69,95,10.19,PH,2023-11-20
476,amga,60.8953,131.9608,-14.53,92,100,4.32,RU,2023-11-20
477,boju,7.3783,7.9112,23.81,68,73,1.35,NG,2023-11-20
478,tulun,54.5611,100.5792,-8.74,61,76,5.65,RU,2023-11-20
479,mombetsu,44.3525,143.3525,7.38,62,2,8.2,JP,2023-11-20
480,bridgewater,44.3835,-64.5155,-0.74,70,21,2.24,CA,2023-11-20
481,vanimo,-2.6741,141.3028,29.97,68,10,3.78,PG,2023-11-20
482,the pas,53.8251,-101.2541,-1.99,69,100,13.38,CA,2023-11-20
483,sidi ifni,29.3797,-10.173,20.98,40,100,1.4,MA,2023-11-20
484,klaksvik,62.2266,-6.589,6.51,77,100,8.31,FO,2023-11-20
485,mudgee,-32.5943,149.5871,24.32,34,1,1.84,AU,2023-11-20
486,ladyzhyn,48.685,29.2368,-0.44,77,100,1.76,UA,2023-11-20
487,al burayqah,30.4062,19.5739,18.67,67,0,2.11,LY,2023-11-20
488,bairnsdale,-37.8333,147.6167,22.25,55,100,2.83,AU,2023-11-20
489,rahat,31.3933,34.7548,17.05,68,84,2.25,IL,2023-11-20
490,rockingham,42.9668,-71.0995,-0.19,62,0,1.34,US,2023-11-20
491,yangambi,0.8102,24.4336,20.28,100,100,0.54,CD,2023-11-20
492,pacific grove,36.6177,-121.9166,17.84,63,0,3.13,US,2023-11-20
493,inarajan village,13.2736,144.7484,31.89,86,33,4.44,GU,2023-11-20
494,namdrik,5.5994,168.1028,28.49,77,100,5.42,MH,2023-11-20
495,tari,12.4086,4.4914,23.72,25,100,4.01,NG,2023-11-20
496,valparaiso,-33.0393,-71.6273,14.8,77,0,2.06,CL,2023-11-20
497,boca suno,-0.7167,-77.1333,24.03,88,100,1.1,EC,2023-11-20
498,luganville,-15.5333,167.1667,27.81,62,14,5.59,VU,2023-11-20
499,skovorodino,53.9833,123.9167,-5.33,85,100,2.31,RU,2023-11-20
500,saudarkrokur,65.7461,-19.6394,6.3,79,100,11.69,IS,2023-11-20
501,steinbach,50.1667,8.5667,9.54,95,75,3.6,DE,2023-11-20
502,yarmouth,41.7057,-70.2286,4.42,53,100,5.81,US,2023-11-20
503,acapulco de juarez,16.8634,-99.8901,28.9,79,20,4.63,MX,2023-11-20
504,geraldton,-28.7667,114.6,34.23,17,0,8.75,AU,2023-11-20
505,revda,56.801,59.9303,-6.34,76,100,5.63,RU,2023-11-20
506,freetown,8.484,-13.2299,26.15,82,98,2.72,SL,2023-11-20
507,kapa'a,22.0752,-159.319,26.99,83,100,6.17,US,2023-11-20
508,sanibel,26.449,-82.0223,24.47,86,85,2.16,US,2023-11-20
509,neiafu,-18.65,-173.9833,28.38,69,75,4.63,TO,2023-11-20
510,i-n-salah,27.1935,2.4607,18.84,28,0,4.07,DZ,2023-11-20
511,drayton valley,53.2168,-114.9854,-1.28,40,94,3.07,CA,2023-11-20
512,east london,-33.0153,27.9116,23.07,47,100,2.91,ZA,2023-11-20
513,tymovskoye,50.8456,142.655,-0.82,79,48,3.34,RU,2023-11-20
514,phan rang-thap cham,11.5667,108.9833,25.52,72,27,3.88,VN,2023-11-20
515,huamachuco,-7.8,-78.0667,10.63,93,100,1.98,PE,2023-11-20
516,sangkhla buri,15.1555,98.4536,21.94,74,98,0.67,TH,2023-11-20
517,balsas,-7.5325,-46.0356,23.18,91,100,1.73,BR,2023-11-20
518,cartagena,10.3997,-75.5144,27.79,78,20,1.54,CO,2023-11-20
519,mirto,38.0847,14.7515,11.83,57,58,1.75,IT,2023-11-20
520,griffith,41.5284,-87.4237,7.72,74,100,6.17,US,2023-11-20
521,le grazie di ancona,43.6008,13.5153,16.27,86,75,1.03,IT,2023-11-20
522,'ali sabieh,11.1558,42.7125,21.94,89,71,6.63,DJ,2023-11-20
523,cuauhtemoc,28.4167,-106.8667,11.28,20,0,3.89,MX,2023-11-20
524,dryden,49.7833,-92.7503,3.16,91,100,5.21,CA,2023-11-20
525,vilyuchinsk,52.9306,158.4028,2.15,72,10,6.57,RU,2023-11-20
526,yung shue wan,22.2333,114.1167,23.22,73,20,0.89,HK,2023-11-20
527,broken hill,-31.95,141.4333,28.17,33,20,2.24,AU,2023-11-20
528,santyoku,37.4406,129.1708,12.8,30,0,1.98,KR,2023-11-20
529,keflavik,64.0049,-22.5624,9.24,100,100,14.92,IS,2023-11-20
530,andalusia,31.3085,-86.4833,20.92,84,99,4.37,US,2023-11-20
531,guerrero negro,27.9769,-114.0611,21.89,36,0,6.17,MX,2023-11-20
532,biograd na moru,43.9433,15.4519,15.42,81,100,7.79,HR,2023-11-20
533,tegina,10.0706,6.1906,21.07,32,86,2.59,NG,2023-11-20
534,alvaraes,-3.2208,-64.8042,24.91,92,100,1.63,BR,2023-11-20
535,nuuk,64.1835,-51.7216,-0.66,86,100,1.54,GL,2023-11-20
536,puerto baquerizo moreno,-0.9,-89.6,22.83,75,90,3.52,EC,2023-11-20
537,biskupiec,53.8647,20.9569,-2.1,69,100,3.82,PL,2023-11-20
538,diamantina,-18.2494,-43.6003,18.0,91,100,1.65,BR,2023-11-20
539,port macquarie,-31.4333,152.9167,25.5,74,15,7.1,AU,2023-11-20
540,box elder,41.5005,-112.8764,6.25,58,91,4.08,US,2023-11-20
541,madanapalle,13.55,78.5,19.56,94,90,1.35,IN,2023-11-20
542,st. john's,47.5649,-52.7093,1.05,86,10,0.45,CA,2023-11-20
543,svetlyy,54.675,20.1347,-0.58,71,84,5.12,RU,2023-11-20
544,cruzeiro do sul,-29.5128,-51.9853,19.73,82,100,0.67,BR,2023-11-20
545,kroonstad,-27.6504,27.2349,18.71,71,100,2.65,ZA,2023-11-20
546,shahba,32.8551,36.629,8.71,85,56,9.54,SY,2023-11-20
547,eyl,7.9803,49.8164,25.74,77,96,5.2,SO,2023-11-20
548,qarauyl,48.9451,79.255,-7.21,75,61,1.98,KZ,2023-11-20
549,adrar,20.5022,-10.0711,21.5,17,26,4.24,MR,2023-11-20
550,beau vallon,-20.4189,57.6953,24.13,94,75,0.0,MU,2023-11-20
551,pointe michel,15.25,-61.3833,27.08,78,89,5.1,DM,2023-11-20
552,kolpashevo,58.3131,82.9089,-20.72,99,38,1.64,RU,2023-11-20
553,perry,37.2506,-83.1999,14.4,69,93,2.04,US,2023-11-20
554,princeville,45.7668,-61.2985,0.84,89,75,6.69,CA,2023-11-20
555,la gi,10.6667,107.7833,25.88,80,90,3.08,VN,2023-11-20
556,zogno,45.7919,9.6562,9.79,74,100,1.03,IT,2023-11-20
557,bradford,53.7939,-1.7521,9.79,85,96,6.5,GB,2023-11-20
558,kuanda,56.3161,116.0806,-18.16,90,88,0.7,RU,2023-11-20
559,moab,38.5733,-109.5498,10.34,43,0,4.12,US,2023-11-20
560,san andres,12.5847,-81.7006,28.01,78,20,2.06,CO,2023-11-20
561,beira,-19.8436,34.8389,25.49,94,16,3.27,MZ,2023-11-20
562,fortuna,40.5982,-124.1573,13.51,80,0,0.0,US,2023-11-20
563,asadabad,34.7824,48.1185,3.35,97,100,4.53,IR,2023-11-20
564,dawei,14.0833,98.2,23.07,63,64,1.49,MM,2023-11-20
565,jawhar,2.7809,45.5005,24.49,91,8,3.21,SO,2023-11-20
566,kasongo-lunda,-6.4667,16.8167,21.86,99,100,0.98,CD,2023-11-20
567,buzuluk,52.7807,52.2635,0.54,71,100,8.49,RU,2023-11-20
568,kupang,-10.1667,123.5833,33.32,52,20,5.14,ID,2023-11-20
569,ciro marina,39.3732,17.126,15.33,75,8,2.07,IT,2023-11-20
570,duyun,26.2667,107.5167,14.09,73,0,1.54,CN,2023-11-20
571,pangody,65.85,74.4859,-22.91,100,89,3.25,RU,2023-11-20
572,kyzyl-mazhalyk,51.1333,90.6,-15.61,88,78,1.34,RU,2023-11-20
573,luanda,-8.8368,13.2343,25.68,89,100,4.41,AO,2023-11-20
574,mount gambier,-37.8333,140.7667,18.92,53,14,5.34,AU,2023-11-20
575,pallasovka,50.05,46.8833,4.61,93,100,2.58,RU,2023-11-20
576,troitsko-pechorsk,62.7084,56.1964,-14.52,99,100,1.24,RU,2023-11-20
577,qarqaraly,49.4058,75.4742,-6.86,41,66,2.33,KZ,2023-11-20
578,remire-montjoly,4.9167,-52.2667,27.02,89,20,1.03,GF,2023-11-20
579,dzilam gonzalez,21.2833,-88.9333,25.79,72,0,3.97,MX,2023-11-20
580,kayangel,8.0823,134.7173,29.11,77,0,5.16,PW,2023-11-20
581,auki,-8.7676,160.7034,30.75,65,100,2.8,SB,2023-11-20
582,puerto ayacucho,5.6639,-67.6236,25.03,88,100,1.94,VE,2023-11-20
583,munster,51.9624,7.6257,8.51,96,77,2.04,DE,2023-11-20
584,ore,6.7457,4.8775,23.64,98,16,0.81,NG,2023-11-20
585,tarapur,19.85,72.7,24.98,59,7,2.94,IN,2023-11-20
586,nagrota,32.05,76.0833,15.69,47,0,1.91,IN,2023-11-20
587,yukhary-dashkesan,40.4947,46.0772,0.42,88,100,2.65,AZ,2023-11-20
588,gulf shores,30.246,-87.7008,23.03,76,75,4.12,US,2023-11-20
589,punta cardon,11.6581,-70.215,28.14,76,100,1.21,VE,2023-11-20
590,kruisfontein,-34.0033,24.7314,17.7,86,100,0.8,ZA,2023-11-20
591,felipe carrillo puerto,19.5833,-88.05,22.63,89,24,1.43,MX,2023-11-20
592,hita,33.3167,130.9333,15.71,45,0,1.06,JP,2023-11-20
593,souillac,-20.5167,57.5167,24.21,94,75,0.0,MU,2023-11-20
594,al qitena,14.8648,32.3668,22.99,28,14,6.36,SD,2023-11-20
595,uturoa,-16.7333,-151.4333,26.04,88,100,8.95,PF,2023-11-20
596,agadez,19.75,10.25,17.69,33,14,0.98,NE,2023-11-20
597,gunnedah,-30.9833,150.25,22.49,70,95,2.98,AU,2023-11-20
598,anaconda,46.1285,-112.9423,0.55,67,69,2.19,US,2023-11-20
599,rosetta,31.4044,30.4164,19.44,63,72,3.74,EG,2023-11-20
600,sorada,19.75,84.4333,20.21,69,100,1.08,IN,2023-11-20
601,taulaga,-11.0553,-171.0883,28.56,71,8,5.69,AS,2023-11-20
602,beledweyne,4.7358,45.2036,24.94,79,35,3.57,SO,2023-11-20
603,tateyama,34.9833,139.8667,14.13,55,96,1.09,JP,2023-11-20
604,nouna,12.7333,-3.8667,24.99,17,0,3.86,BF,2023-11-20
605,nsanje,-16.92,35.262,25.2,78,100,1.32,MW,2023-11-20
606,raduzhny,62.0961,77.475,-15.32,97,100,3.44,RU,2023-11-20
